{"cameraMode":{"drawMode":0,"name":"Shaded","section":"Shading Mode"},"sceneLighting":true,"audioPlay":false,"sceneViewState":{"showFog":true,"showMaterialUpdate":false,"showSkybox":true,"showFlares":true,"showImageEffects":true,"showParticleSystems":true},"in2DMode":false,"pivot":{"x":65.2462387084961,"y":-85.63932800292969,"z":8.238070487976075},"rotation":{"x":-0.3167821764945984,"y":-0.6203188896179199,"z":0.30164286494255068,"w":-0.6511186957359314},"size":133.6409454345703,"orthographic":false}